{
    "total_executions": 3,
    "successful_executions": 3,
    "failed_executions": 0,
    "execution_times": {
        "open_calculator": 0.04081106185913086,
        "get_system_resources": 0.05039501190185547,
        "run_shell_command": 0.03526592254638672
    }
}